id,Tg,FFV,Tc,Density,Rg
1109053969,25.885758630000005,0.3435356079666668,0.0,0.0,0.0
1422188626,0.0,0.37563493687499977,0.0,0.0,0.0
2032016830,1.8435236369999999,0.35770119690000024,0.0,0.0,0.0
